variable,N,NT,NT/N,overall_var,between_var,within_var,pct_within
cbmnd,53,283,5.34,3.11886324336516,3.3015726179463454,0.0,0.0
dum12,53,322,6.08,0.23289023045219714,0.2539912917271408,0.0,0.0
dum9,53,322,6.08,0.22360248447204967,0.2148040638606677,0.0,0.0
rating,53,308,5.81,0.2691632471762765,0.3662661645854924,0.011167985109353188,4.149149345801737
fie,53,245,4.62,0.010966538633514577,0.010469802102467408,0.0008390424970134421,7.650932760581942
bndgrn,53,322,6.08,3.61956944001377,1.5697568131168753,2.1490808922437417,59.373937366306365
gdpg,53,246,4.64,28.21425074978334,23.342149529150433,17.49987417771257,62.02494736758853
infl,53,290,5.47,19.001318510473123,6.55369273943308,14.348272976457688,75.51198601586108
